Date,Fridge,AC,Voltage,Kitchen Appliances,Other Appliances,Sub_metering_3,month,year,Total_Consumption,day,Washing Machine,kap_zscore,fridge_zscore,ac_zscore,oap_zscore,wm_zscore
2021-01-01,1224.2519999999988,0.0,349294.63999999943,3869.147999999939,327.0,3558.0,1,2020,7.7,1,2304.0,,,,,
2021-01-02,1693.778,0.0,350829.7099999998,5301.42200000002,367.0,14623.0,1,2020,8.5,2,1111.0,,,,,
2021-01-03,1298.7280000000007,0.0,348224.7999999996,4112.471999999997,471.0,7115.0,1,2020,7.7,3,1785.0,,,,,
2021-01-04,1687.4400000000014,0.0,348125.99,5338.359999999994,517.0,14393.0,1,2020,9.3,4,1780.0,,,,,0.09554842743691135
2021-01-05,1320.1579999999992,0.0,346531.91999999963,4338.841999999998,4885.0,6751.0,1,2020,12.5,5,1984.0,,,,,1.3436329026848963
2021-01-06,1268.963999999999,0.0,346378.0000000004,4085.235999999996,400.0,11858.0,1,2020,6.7,6,970.0,,,,,-9.258680274977582
2021-01-07,1349.002000000001,0.0,344612.4699999996,4485.797999999987,921.0,7438.0,1,2020,7.6,7,877.0,,,,,-1.600773729839863
2021-01-08,555.6639999999994,0.0,345313.88000000006,1921.935999999976,558.0,4263.0,1,2020,3.0,8,0.0,,,,,-2.547050936331571
2021-01-09,1593.317999999999,0.0,347418.49000000063,5162.681999999993,1194.0,13990.0,1,2020,9.9,9,1947.0,,,,,3.0465674775664358
2021-01-10,1504.8200000000008,0.0,346754.8499999999,4791.779999999993,724.0,11307.0,1,2020,8.8,10,1752.0,,,,,1.0182206780540886
2021-01-11,1383.1799999999994,0.0,354786.61999999965,4287.020000000017,634.0,8746.0,1,2020,6.3,11,0.0,,,,,-1.4083548587421628
2021-01-14,618.487999999999,0.0,72588.14,1968.9120000000007,84.0,1893.0,1,2020,4.6,14,1890.0,,,,,0.7504372604976487
2021-01-15,2196.76,0.0,350965.1000000002,6925.640000000038,2952.0,13546.0,1,2020,14.0,15,1957.0,,,,,0.8636779401239023
2021-01-16,2150.112000000001,0.0,349985.1400000003,6806.288000000011,2415.0,13652.0,1,2020,14.0,16,2605.0,,,,,1.4580317043307807
2021-01-17,1906.5560000000028,0.0,349261.9300000004,6044.443999999976,298.0,15044.0,1,2020,10.2,17,1992.0,,,,,-0.4921048762886127
2021-01-18,1881.098000000001,0.0,350836.3699999995,5925.902000000023,295.0,12981.0,1,2020,8.7,18,617.0,,,,,-5.268337759350678
2021-01-19,2433.507999999996,0.0,349953.28,7653.092000000006,653.0,19311.0,1,2020,12.8,19,2044.0,,,,,0.36812773178069963
2021-01-20,2351.728000000001,0.0,349575.0299999998,7455.672000000011,3341.0,14563.0,1,2020,15.5,20,2317.0,,,,,1.1592381009861426
2021-01-21,2137.855999999999,0.0,349849.80000000016,6735.343999999996,449.0,16451.0,1,2020,10.2,21,894.0,,,,,-1.026714326957477
2021-01-22,1790.626000000001,0.0,348264.2500000005,5673.173999999988,352.0,14512.0,1,2020,8.5,22,699.0,,,,,-1.7071622087001905
2021-01-23,2608.51,0.0,346552.0199999996,8421.889999999967,4086.0,16021.0,1,2020,18.3,23,3154.0,,,,,2.5661722034317265
2021-01-24,2269.420000000005,0.0,348114.4899999999,7241.979999999996,2760.0,11046.0,1,2020,15.8,24,3496.0,,,,,1.717550241546853
2021-01-25,1930.5099999999984,0.0,349774.0000000006,6061.4900000000325,455.0,16136.0,1,2020,9.8,25,1368.0,,,,,-0.8682805171500939
2021-01-26,2067.564,0.0,350408.85000000003,6433.436000000023,395.0,16243.0,1,2020,9.4,26,526.0,,,,,-2.3007126269797795
2021-01-27,2760.902000000001,0.0,348459.99000000046,8744.898000000005,6403.0,18154.0,1,2020,20.0,27,2044.0,,,,,0.1978965873744266
2021-01-28,2110.233999999999,0.0,350278.6100000004,6620.966000000008,504.0,14987.0,1,2020,11.3,28,2032.0,,,,,1.1584310319921158
2021-01-29,2092.99,0.0,350831.24000000005,6516.209999999996,851.0,18061.0,1,2020,10.9,29,1488.0,,,,,-0.06453599932132625
2021-01-30,2842.7280000000005,0.0,348594.3300000002,9119.671999999991,7544.0,17891.0,1,2020,22.7,30,3240.0,,,,,5.342202404133308
2021-01-31,1799.196000000002,0.0,350499.79999999946,5692.003999999984,1380.0,12569.0,1,2020,10.6,31,1715.0,,,,,-0.7352536507776624
2021-02-01,1308.8359999999998,0.0,352090.4599999997,4179.163999999986,298.0,6424.0,2,2020,6.6,1,801.0,,,,,-1.7310767040254842
2021-02-02,2157.432000000001,0.0,350399.25999999995,6696.167999999974,382.0,21536.0,2,2020,9.2,2,0.0,0.5591279294397331,0.6412537301735566,,-0.6148188565976604,-1.9070748840871323
2021-02-03,766.905999999999,0.0,348122.9600000004,2437.894000000021,424.0,3605.0,2,2020,3.6,3,0.0,-1.992392238168647,-1.9685440547771398,,-0.5940445361052583,-1.1969799335451607
2021-02-04,1648.6220000000014,0.0,349593.86999999965,5167.577999999981,483.0,13074.0,2,2020,7.3,4,0.0,-0.3113973315639853,-0.27132836504204555,,-0.5643249887718989,-0.7071067811865498
2021-02-05,2187.9099999999944,0.0,346159.0799999996,7060.489999999985,7966.0,14454.0,2,2020,19.1,5,1858.0,0.7272565037833403,0.6532624573629517,,3.378152998391367,inf
2021-02-06,980.8980000000006,0.0,346084.5000000007,3217.901999999993,656.0,8454.0,2,2020,4.9,6,0.0,-1.4505601260529184,-1.4900434343888722,,-0.5194419585162647,-0.7071067811865479
2021-02-07,1140.9280000000012,0.0,345067.37000000046,3891.87199999999,932.0,6337.0,2,2020,6.8,7,822.0,-1.0303899113306472,-1.1635530965458176,,-0.340983039418358,0.2313890866315506
2021-02-08,549.4819999999999,0.0,346892.1899999997,1899.7179999999796,536.0,4191.0,2,2020,3.0,8,0.0,-2.1042669074823372,-2.1505603985610504,,-0.5363541218570911,-1.1751284888463922
2021-02-09,1392.492000000001,0.0,346958.94999999984,4495.308000000014,500.0,11785.0,2,2020,7.3,9,929.0,-0.6109835591953349,-0.6353105761808527,,-0.545765641512821,1.6903465024714959
2021-02-10,1923.2539999999967,0.0,346612.97999999975,6118.1459999999925,741.0,13532.0,2,2020,12.8,10,3972.0,0.18462629234155925,0.177368074484082,,-0.43192697943599045,8.164266238790747
2021-02-11,1191.0819999999997,0.0,353933.16000000015,3736.318000000014,574.0,5784.0,2,2020,5.5,11,0.0,-1.1256339544494334,-1.0866903684162537,,-0.5018022311282738,-0.9630249826959499
2021-02-13,2351.555999999996,0.0,349760.2899999998,7359.844000000042,5292.0,18710.0,2,2020,16.8,13,1838.0,0.8475653918113983,0.8927463306999865,,1.6994441774912539,0.12045180869059724
2021-02-14,1686.6980000000008,0.0,349883.5400000005,5264.701999999988,318.0,13190.0,2,2020,8.5,14,1223.0,-0.32717290057743276,-0.27581438563597543,,-0.6633738130004389,-0.4397037763278543
2021-02-15,2097.132000000001,0.0,350563.3599999996,6603.8679999999895,332.0,16065.0,2,2020,12.5,15,3468.0,0.3569574451440123,0.37921438826735043,,-0.6622596825515303,3.2040772860146003
2021-02-16,1797.755999999996,0.0,351005.41999999987,5615.843999999997,317.0,12820.0,2,2020,9.7,16,1945.0,-0.20876372865785944,-0.15604606649586875,,-0.6284523865381544,-0.24422165574593402
2021-02-17,2054.560000000002,0.0,348979.42000000033,6500.840000000003,6636.0,10101.0,2,2020,17.5,17,2294.0,0.3285705726854949,0.33169166871773204,,2.2224178344658303,0.08762921213693371
2021-02-18,1761.1560000000025,0.0,350767.000000001,5493.844000000006,385.0,14884.0,2,2020,8.6,18,965.0,-0.26577952388662,-0.2104285399913005,,-0.6156128941274475,-2.462160361144994
2021-02-19,1953.5720000000008,0.0,348058.65999999974,6188.428000000009,397.0,14543.0,2,2020,10.7,19,2124.0,0.1458999245199957,0.14600268252281137,,-0.6123477263024816,0.6920526761465149
2021-02-20,1983.7280000000017,0.0,348176.10999999987,6289.872000000004,382.0,14470.0,2,2020,12.4,20,3748.0,0.2370507824215809,0.2338005237371864,,-0.6138291666387319,3.308385065068085
2021-02-21,2740.3140000000035,0.0,346500.5400000001,8834.886000000013,8142.0,17083.0,2,2020,25.6,21,5905.0,1.7862161767684583,1.6755429365304255,,2.660617268178768,3.176719093159929
2021-02-22,1474.0359999999976,0.0,346434.4699999996,4739.56399999995,2167.0,10159.0,2,2020,9.8,22,1393.0,-0.6744165653268247,-0.7030299768861686,,0.05781662204253036,-1.6353598973804937
2021-02-23,1461.280000000002,0.0,348457.93999999994,4665.320000000009,3001.0,8806.0,2,2020,9.1,23,0.0,-0.6941633804208436,-0.7015692554248952,,0.3527057859208042,-1.9982553074285052
2021-02-24,1914.2780000000007,0.0,347710.7500000008,6038.9220000000205,1682.0,14315.0,2,2020,11.9,24,2260.0,0.16141138846199998,0.17964801125272017,,-0.13677431599348305,-0.06851011733342703
2021-02-25,1880.2040000000004,0.0,347015.76000000024,5904.195999999993,474.0,15120.0,2,2020,8.3,25,0.0,0.10739977203621283,0.14053587378920684,,-0.5871552940955602,-1.3080057854069747
2021-02-26,2120.1559999999977,0.0,346212.9100000007,6720.443999999996,2454.0,14821.0,2,2020,12.4,26,1146.0,0.5941743536448775,0.5880647713011905,,0.17322003088156662,0.36857158771582027
2021-02-27,1765.056000000002,0.0,347824.0200000004,5652.144000000004,441.0,14358.0,2,2020,11.6,27,3743.0,-0.044320596173929964,-0.07262643190955215,,-0.6304569954614104,2.8262120934943136
2021-02-28,711.6659999999996,0.0,349297.1499999999,2256.5340000000347,487.0,2952.0,2,2020,3.5,28,0.0,-2.1084092464240816,-2.073490356155838,,-0.5605203941556547,-1.0407364696731334
2021-03-01,2083.453999999999,2874.1500000000083,350992.12000000034,6620.146000000034,4880.249999999964,10074.0,3,2020,60.900000000000006,1,3842.0,0.6732829462965071,0.6636537343168226,inf,1.2162108329134254,1.4128386069176897
2021-03-02,2903.013999999996,2755.3799999999987,349038.8299999998,9149.786000000026,8457.819999999978,21130.0,3,2020,76.5,2,2234.0,2.160375563297955,2.1804782674116767,5.154957246826689,2.5570307092956788,-0.16459216852921688
2021-03-03,935.834,1814.0099999999936,347344.47000000003,2999.765999999975,450.3900000000313,7221.0,3,2020,18.6,3,0.0,-1.4608574660437172,-1.4506111072911536,2.3157836443165447,-0.6117252275996508,-1.2855874083640897
2021-03-04,1805.2780000000016,3099.750000000004,350279.8999999992,5640.921999999988,676.0500000000065,17694.0,3,2020,39.0,4,1778.0,0.14095653162300398,0.19161872687423467,3.7555501895488335,-0.5101952737013464,-0.15699569733478508
2021-03-05,1411.3020000000008,2297.8800000000065,341549.62999999966,4577.497999999979,533.3200000000161,11825.0,3,2020,29.4,5,980.0,-0.4961607417027823,-0.5420948767548559,2.1302315567390844,-0.5713906638573389,-0.3707594848232464
2021-03-06,1394.186000000002,2460.5400000000063,345952.0899999998,4587.813999999999,441.4599999999955,12304.0,3,2020,35.400000000000006,6,2916.0,-0.452136782054181,-0.5317305231405017,2.083998274199218,-0.6093750731700146,2.7459481544156197
2021-03-07,1120.073999999998,4723.590000000003,347524.2400000004,3806.526000000016,949.8099999999812,6151.0,3,2020,31.8,7,0.0,-0.9900957892707918,-1.1114035308880583,4.061895967112357,-0.4138970121605428,-2.3807692497030786
2021-03-08,615.2120000000015,2656.7400000000075,347762.45000000065,2053.187999999985,574.860000000007,4096.0,3,2020,17.700000000000003,8,0.0,-1.992745924520097,-1.990260637488166,1.5559918338067513,-0.5660198625647669,-1.071869785571571
2021-03-09,1346.4140000000004,2528.9400000000014,346368.4899999997,4375.385999999991,509.2600000000039,9747.0,3,2020,29.1,9,940.0,-0.48823708134489646,-0.5184181323278855,1.3426244611613791,-0.5456454073202645,-0.023279235594618863
2021-03-10,1830.683999999999,3042.210000000005,348383.29000000004,5943.116000000036,2583.9899999999543,7738.0,3,2020,55.2,10,5000.0,0.39175858309531647,0.3211739821313649,1.6311282272981675,0.3374664936937212,10.576512067535043
2021-03-11,1293.2979999999995,2643.9600000000046,351761.0900000003,4120.502000000005,1121.2399999999889,6529.0,3,2020,30.6,11,1021.0,-0.7142153307226955,-0.6963209375877912,1.2189665684264128,-0.30682800427785406,-0.4420027591906626
2021-03-13,2383.0099999999984,3980.430000000007,348475.5899999995,7560.190000000008,5528.369999999988,17973.0,3,2020,66.9,13,2848.0,1.344153719338171,1.3325347320167342,2.0815370008924488,1.5618694795772912,0.27843752040858943
2021-03-14,1566.7140000000006,3009.48,348460.2899999999,5049.886000000009,909.919999999991,7101.0,3,2020,42.0,14,3464.0,-0.28399960176809097,-0.3175868276581201,1.2322327749910402,-0.4629379825497643,0.3121748967099134
2021-03-15,1791.849999999996,2464.679999999996,348905.87999999983,5664.949999999993,400.520000000015,15053.0,3,2020,33.3,15,778.0,0.11433391836720753,0.1352689016188856,0.7915617339568168,-0.6764070860028241,-1.6062720770692762
2021-03-16,1542.6500000000008,2516.0399999999945,347817.71000000025,4881.150000000008,460.1599999999981,10083.0,3,2020,28.200000000000003,16,0.0,-0.41345045315906553,-0.38623319248793575,0.7732546178377051,-0.6483688555012364,-2.057108370953924
2021-03-17,2009.130000000001,2786.220000000001,347963.52000000054,6382.870000000023,5885.779999999972,13105.0,3,2020,54.6,17,1136.0,0.5887096013864365,0.5873698291684187,0.9005428510467839,1.7016326104387989,-0.18733686725977877
2021-03-18,1562.6820000000014,2493.21,347763.2600000001,4985.518000000004,611.5899999999983,10845.0,3,2020,32.400000000000006,18,1147.0,-0.324766080200775,-0.3212609535344094,0.6466933899381772,-0.5897522413066245,1.0733461209087394
2021-03-19,1663.3840000000014,2842.1700000000005,347651.2300000004,5257.216000000011,637.2299999999886,12591.0,3,2020,31.200000000000003,19,0.0,-0.11895310399021414,-0.08724375477758214,0.8334598048895628,-0.5845310701696983,-1.4141643179425352
2021-03-20,131.73199999999977,348.42,56252.86999999999,417.8679999999984,1.9800000000018367,969.0,3,2020,2.7,20,0.0,-3.204241828100145,-3.137505387889344,-0.9194128973449858,-0.8514676498282577,-1.4141643179425352
2021-03-21,917.282000000001,1303.0499999999977,149303.06000000014,2973.9179999999983,2835.750000000002,3680.0,3,2020,29.1,21,1670.0,-1.2590905578937805,-1.2657159840392564,-0.28007337539264404,0.42513780965068043,2.381476456603001
2021-03-22,1618.5900000000015,2573.339999999997,347556.65999999945,5130.809999999954,535.2600000000475,13859.0,3,2020,33.0,22,1142.0,-0.00752503260210067,0.014060497239991664,0.5745206429240669,-0.6093183469296324,0.7435206633314846
2021-03-23,1822.162,2799.51,347279.47000000015,5911.238000000019,1175.08999999998,13107.0,3,2020,43.8,23,2892.0,0.4394752209042833,0.38422210444335114,0.6880623719200804,-0.33340565249041293,2.8045386830486003
2021-03-24,1994.752000000004,3143.3700000000067,346643.52999999933,6360.047999999959,5826.830000000027,12817.0,3,2020,55.2,24,1075.0,0.6950002882589721,0.6943549180132103,0.8888731731267965,1.6913332212673096,-1.1274510365027015
2021-03-25,1679.8840000000014,2801.370000000008,348861.8199999999,5294.315999999964,624.4300000000276,13797.0,3,2020,31.200000000000003,25,0.0,0.16489855548961863,0.20442948674661915,0.574180859768052,-0.6013224857272688,-2.024501375828484
2021-03-26,1651.2839999999976,3088.2300000000014,347765.80000000005,5258.916000000009,723.5699999999943,12547.0,3,2020,35.400000000000006,26,1078.0,0.13317376805653425,0.139049030457143,0.7473985787189174,-0.5269146716038874,-0.20471364190411578
2021-03-27,1847.9700000000007,2926.379999999998,346194.1,5918.630000000032,3040.019999999972,12483.0,3,2020,44.400000000000006,27,1067.0,0.510248079938918,0.4901247792939135,0.5635772115303928,0.6045058353629326,0.688384346020822
2021-03-28,1798.213999999999,3906.420000000002,347577.9200000004,5868.186000000018,7944.179999999986,7118.0,3,2020,61.8,28,1083.0,0.48351727008781475,0.4033616763911972,1.3569935173079823,2.88674557176705,0.7278462410652493
2021-03-29,1622.7379999999994,3106.23,347791.0800000003,5183.262000000023,587.7699999999786,15420.0,3,2020,31.5,29,0.0,0.08022163290647344,0.08431032335686851,0.5803763517556658,-0.6178374476618512,-160.9980068502106
2021-03-30,1906.4540000000009,4210.770000000021,347161.84999999974,6210.145999999982,612.6299999999937,13765.0,3,2020,44.1,30,1760.0,0.7286161161177782,0.6519845732942817,1.6199836408132868,-0.5780149320216846,2.0586608274882736
2021-03-31,1923.8019999999972,3023.670000000007,345879.6099999995,6230.797999999995,6354.730000000003,12041.0,3,2020,55.8,31,1067.0,0.7253627808892358,0.6727390067903994,0.33775675193066923,1.8241168188229373,0.16462914660130434
2021-04-01,1604.1320000000032,3910.100000000001,353806.7300000003,5019.06799999997,266.700000000028,10812.0,4,2020,32.400000000000006,1,0.0,-0.07960215385756138,-0.003194349243857024,1.3887398055717464,-0.7737416624819522,-1.3017372951686244
2021-04-02,2316.2699999999995,3546.199999999993,348625.1400000004,7250.929999999974,512.6000000000313,23743.0,4,2020,44.1,2,1074.0,1.3603788902121894,1.4404055473123543,0.8606381774396342,-0.6204499570423075,0.18188405786756506
2021-04-03,682.8799999999989,3148.849999999988,349908.9000000004,2207.5200000000063,460.7500000000073,2928.0,4,2020,19.5,3,0.0,-1.9401211210446792,-1.9177250818613647,0.3389729590086908,-0.6064457957350542,-1.4141908867851303
2021-04-04,1690.3880000000013,5974.400000000017,348116.29999999976,5402.611999999979,835.6000000000022,12687.0,4,2020,45.0,4,1097.0,0.2660052201193233,0.26997192138561743,3.800643192411411,-0.4339634604701855,1.4596422103264266
2021-04-05,1516.9599999999964,3855.9999999999936,339893.3200000005,4966.639999999989,1060.4000000000196,12007.0,4,2020,34.2,5,0.0,-0.019723812204114684,-0.08637742914466073,0.8689872106062804,-0.3332298401233776,-1.4139755318641827
2021-04-06,1420.5540000000017,4631.099999999999,346002.67999999993,4632.246000000027,421.0999999999749,12517.0,4,2020,38.400000000000006,6,1695.0,-0.2523438611956041,-0.2972911960264542,1.6068071269717734,-0.6385909762373575,2.570594205443903
2021-04-07,1538.0880000000038,7003.650000000034,346081.63000000035,5030.912000000026,767.3499999999349,6597.0,4,2020,45.6,7,860.0,0.013612209931356298,-0.051254100539208404,3.831821846893501,-0.4778759908437473,-0.10067836534825321
2021-04-08,543.3560000000002,4485.799999999997,347613.05000000045,1864.6439999999748,506.2000000000289,4116.0,4,2020,22.200000000000003,8,0.0,-2.1587348446808683,-2.2134451906061954,1.067935494888494,-0.595215782910404,-1.2307216114006516
2021-04-09,1743.8399999999997,5450.600000000006,347186.7999999995,5705.959999999987,694.6000000000058,13241.0,4,2020,48.6,9,2605.0,0.4437247922128589,0.36020846358257946,1.7985375998898463,-0.5067464247769372,2.533696937756332
2021-04-10,1775.9600000000014,4689.600000000011,346494.90000000014,5709.040000000001,716.3999999999869,8252.0,4,2020,43.8,10,1709.0,0.4162339266666738,0.4010595412941174,1.0451281266978885,-0.5003159956151403,0.511187437904113
2021-04-11,2555.146000000001,6310.949999999999,350139.2099999999,8239.254000000012,11165.64999999998,10286.0,4,2020,102.9,11,6029.0,2.1268516371679995,2.063796569166693,2.247088568848302,4.3572943720834205,4.248514116913016
2021-04-13,1512.7039999999993,4278.500000000017,348098.58000000054,4812.096000000001,599.6999999999844,13033.0,4,2020,36.900000000000006,13,1097.0,-0.25800275152474395,-0.23050979291363538,0.5332036004444113,-0.5360668958289161,-1.262733301689011
2021-04-14,1660.363999999999,4479.950000000013,347580.8800000007,5319.235999999994,5908.449999999993,9194.0,4,2020,55.5,14,1132.0,0.1264884703638958,0.12976476269603454,0.670261473847908,1.4947893606701148,-0.8259743667122073
2021-04-15,1872.178000000003,4183.40000000001,346827.149999999,5940.4220000000005,677.9999999999854,15667.0,4,2020,45.6,15,2526.0,0.5299482813397525,0.5665967348981236,0.418264462771852,-0.5043756021863854,-0.09783771819516468
2021-04-16,1562.0620000000004,4259.500000000006,348468.23999999976,4990.937999999975,550.5000000000164,12623.0,4,2020,42.6,16,2837.0,-0.1016091845978808,-0.08793863387959897,0.4358414438515221,-0.5548722235337322,1.8811766975892008
2021-04-17,1557.7119999999993,3746.549999999994,347479.44999999955,4991.487999999963,3151.250000000044,12571.0,4,2020,42.0,17,553.0,-0.10368788145172476,-0.0983854624031508,0.020458833148601745,0.38674110716616406,-2.1742832846081455
2021-04-18,1476.1060000000002,3705.8000000000034,346580.9700000002,4688.293999999994,625.8000000000029,12550.0,4,2020,34.8,18,1104.0,-0.2756774141116161,-0.2403125423999606,-0.033259565261979845,-0.5113829781963629,-0.8582286222983909
2021-04-19,1708.5940000000005,4160.100000000003,347414.1399999995,5438.006000000003,4263.299999999997,13474.0,4,2020,50.400000000000006,19,1230.0,0.2292692145354126,0.25703308666725105,0.2774157059404949,0.8485348779704907,-0.2753885593409537
2021-04-20,1833.627999999999,4397.550000000006,346719.2399999995,5843.37199999998,737.4500000000135,16668.0,4,2020,42.6,20,1388.0,0.4942285964925342,0.5175919243148108,0.42623065764319285,-0.5116427918422609,1.4479556262845856
2021-04-21,1579.914000000001,3960.15000000001,348379.25999999937,4980.885999999992,679.0499999999938,12902.0,4,2020,33.599999999999994,21,0.0,-0.24208022844171914,-0.16700315938624907,-0.008572482050824332,-0.5456950188182168,-10.678134302526667
2021-04-22,1460.9040000000014,4666.250000000004,346674.2699999995,4682.09599999999,628.7500000000036,12492.0,4,2020,37.5,22,1062.0,-0.5729084256254586,-0.5625400225524662,0.5837009258551342,-0.5357694870397558,0.30516436569962285
2021-04-23,1180.5359999999976,4429.100000000015,347922.59999999986,3766.2639999999647,624.100000000024,10981.0,4,2020,30.0,23,0.0,-1.3430866739640075,-1.3062906552585345,0.2981162763153423,-0.5390080188900608,-1.3780878997892225
2021-04-24,1518.417999999997,7670.950000000012,347783.2099999999,5084.581999999999,1481.0499999999884,8223.0,4,2020,60.6,24,4445.0,-0.14717968079845517,-0.3239077482242776,3.5623341761017575,-0.21221821324687165,8.17167751930558
2021-04-25,1542.7420000000038,5974.750000000016,346552.67000000004,4968.25799999998,2314.250000000002,7595.0,4,2020,44.400000000000006,25,0.0,-0.2121172931864184,-0.2203840118811977,1.4362541586406758,0.15648172567190818,-0.9685197390694701
2021-04-26,1082.7159999999983,4160.499999999996,347373.1900000006,3480.8840000000155,437.8999999999887,7635.0,4,2020,30.6,26,1038.0,-1.4667961157261626,-1.44454565425839,-0.24403467362353223,-0.5891584130507248,-0.21173433650377843
2021-04-27,1250.9399999999998,4056.999999999999,348589.3900000004,3955.85999999996,536.2000000000426,8539.0,4,2020,29.4,27,0.0,-0.979484480710598,-0.9115034657932051,-0.37451398747820175,-0.5464575106977645,-0.9626245930766497
2021-04-28,867.8580000000019,4567.100000000003,349228.5500000002,2805.742000000004,559.2999999999938,6035.0,4,2020,26.4,28,0.0,-1.8565040915323632,-1.8463255507085083,0.05016881505007779,-0.5046149685201154,-0.7071067811865483
2021-04-29,1103.7239999999983,4342.850000000003,348882.0099999998,3498.675999999968,642.7500000000291,8102.0,4,2020,28.8,29,12.0,-1.1549261846966443,-1.103531033977464,-0.17838748344873856,-0.4178398840198545,-0.6825828465789224
2021-04-30,1118.6279999999997,5209.849999999995,348217.44999999984,3666.3719999999694,610.1500000000378,6969.0,4,2020,39.900000000000006,30,2695.0,-0.9605787837657793,-1.0051744882253248,0.6071292778773791,-0.4326385107341888,475.7060870470063
2021-05-01,2219.780000000003,3723.4,352110.29000000044,6920.020000000008,251.79999999999015,16468.0,5,2020,44.7,1,1785.0,1.594022944413639,1.7279676768921721,-0.8456520255468262,-0.5851488282829854,0.6963201090601414
2021-05-02,2098.892,3574.45,348395.4199999999,6649.7079999999805,474.9500000000189,18008.0,5,2020,41.1,2,902.0,1.3385888457901929,1.3674384225042284,-1.0379797045959298,-0.43293683695667173,-0.5343829265646763
2021-05-03,1133.726,3385.4000000000005,350620.2900000003,3569.67400000003,303.1999999999698,5918.0,5,2020,28.5,3,1108.0,-0.980609586099647,-0.9110616389797025,-1.201052061699072,-0.5153347605488148,-0.9371368996372944
2021-05-04,1118.8200000000008,4135.5,350863.4099999995,3588.1799999999994,1402.5,5503.0,5,2020,36.0,4,1755.0,-0.9113222175469247,-0.8948798726319229,-0.46430788879759377,-0.009301260032743319,1.2990783474295173
2021-05-05,1805.3080000000016,3230.0000000000045,339992.0699999998,5920.491999999989,2175.200000000006,12183.0,5,2020,48.3,5,2969.0,0.8616211658620868,0.7475233611518783,-1.4144901805751837,0.33037332985789064,4.71633172996268
2021-05-06,2009.644000000001,7349.749999999989,347184.55000000034,6767.356000000006,1241.2500000000036,12223.0,5,2020,84.9,6,10932.0,1.5096080874227873,1.2447964319894318,2.7830127666931705,-0.11804117743268853,11.651320351950549
2021-05-07,1113.99,5846.150000000003,347302.8900000001,3683.210000000008,815.6499999999905,6913.0,5,2020,36.900000000000006,7,841.0,-0.9410452618741066,-1.0117142166325332,1.0540958993119285,-0.31592243430451006,-1.0755346417551899
2021-05-08,533.4760000000003,4341.999999999999,348277.5199999998,1820.3239999999744,504.2000000000262,4013.0,5,2020,21.6,8,0.0,-2.3064110975075507,-2.36727403365426,-0.3291689714873767,-0.46584845353648485,-1.1314386374880498
2021-05-09,1323.0180000000028,4675.250000000017,348682.4699999995,4384.781999999995,2707.9499999999844,7471.0,5,2020,44.1,9,1609.0,-0.2737619109478823,-0.3578207632757775,0.0471082686118089,0.5498378897432936,-0.46613860906921556
2021-05-10,1854.6240000000037,5316.05000000001,345483.35999999935,5953.176000000004,2976.149999999985,12037.0,5,2020,48.3,10,0.0,0.8170839893378397,0.822383453663648,0.6515035404080103,0.6385987149874159,-1.242840704707572
2021-05-11,1736.0880000000009,4512.450000000008,351036.05000000034,5540.711999999991,810.75,12610.0,5,2020,37.8,11,0.0,0.499725222274307,0.5269233017239979,-0.1100358018540016,-0.3873091177187751,-0.7071067811865535
2021-05-13,1552.4960000000003,3847.099999999999,349618.70000000024,4891.303999999998,1486.1000000000022,10527.0,5,2020,41.7,13,2123.0,0.01965399271089774,0.09387185141730561,-0.7400345122307459,-0.08034278552040501,2.0918758722485977
2021-05-14,1722.1459999999986,3997.100000000003,348576.8100000004,5451.854,383.8999999999978,16764.0,5,2020,37.8,14,1045.0,0.5907944423071941,0.6501962305303942,-0.5387858309107054,-0.7382879108959044,0.33706644491794135
2021-05-15,1944.7720000000008,5823.599999999993,348627.9100000003,6276.62800000001,307.9999999999927,13670.0,5,2020,53.1,15,3347.0,1.2633410265969005,1.2202074197635722,1.2799038752524978,-0.7885303226945317,2.6432195150921687
2021-05-16,2100.425999999996,4109.550000000008,347002.05999999953,6761.974000000006,3967.049999999994,11888.0,5,2020,60.900000000000006,16,3361.0,1.6085758122303835,1.5768654615058504,-0.4489329029805537,2.837879995523752,1.2646866503539955
2021-05-17,1628.182,3684.400000000005,347558.7899999997,5173.217999999998,400.1999999999971,15344.0,5,2020,35.7,17,1014.0,0.27143739354070195,0.3168726288789935,-0.8557962389181777,-0.7692919201683311,-1.442673938217652
2021-05-18,1421.1840000000025,3741.3000000000025,347790.06000000035,4509.21600000002,328.2999999999738,11677.0,5,2020,30.0,18,0.0,-0.2645559355467207,-0.21547760816613107,-0.774391470094892,-0.8268862188978723,-2.3334210561798083
2021-05-19,1426.752000000002,3781.350000000002,347905.50000000047,4587.047999999983,682.8500000000131,9864.0,5,2020,37.8,19,2122.0,-0.18931672633768737,-0.18966873761150413,-0.7359373426844686,-0.4427745420567594,0.4714763973313979
2021-05-20,1153.8980000000006,3478.4999999999995,349129.1299999994,3677.701999999995,389.9000000000033,10101.0,5,2020,26.1,20,0.0,-0.9126804128719869,-0.8785305692565711,-1.0290172026840576,-0.7193541590537128,-1.2062659127490825
2021-05-21,1294.3960000000004,4192.349999999999,348133.03,4174.403999999987,365.8500000000131,10113.0,5,2020,33.3,21,1073.0,-0.4651519732327726,-0.4713285677978927,-0.3206088698440739,-0.7315144307029849,0.36554954710727905
2021-05-22,2095.772000000001,5317.450000000006,344956.47000000026,6769.627999999975,2439.1500000000124,17454.0,5,2020,56.7,22,2278.0,1.6492391089311773,1.6125491918629737,0.7437479794557111,1.5592087744139127,1.4001732866902288
2021-05-23,1487.5560000000012,6327.499999999997,346594.09999999986,4845.644000000011,375.2999999999902,9541.0,5,2020,41.7,23,864.0,0.061083810765445105,0.017388940411568125,1.6446546062742418,-0.7404191038789913,-0.27189393801302525
2021-05-24,1341.3320000000003,5701.000000000001,347090.5400000001,4377.067999999981,2505.6000000000186,7746.0,5,2020,47.400000000000006,24,1875.0,-0.3023815809532525,-0.3432210742076079,0.9648655658524852,1.5147355081211187,0.7542046146949193
2021-05-25,1198.6259999999963,5096.649999999996,345978.78999999975,3972.373999999988,458.35000000001855,10439.0,5,2020,33.599999999999994,25,474.0,-0.6337053460064483,-0.7112980471397982,0.37860650328323564,-0.6843170302615107,-2.0147325920257906
2021-05-26,1387.8839999999973,6040.250000000014,344942.1999999997,4638.515999999995,4519.349999999995,8530.0,5,2020,52.5,26,914.0,-0.08938110199697724,-0.2159709862851923,1.4767488460472398,3.4751696474585896,-0.26592681062349194
2021-05-27,1323.3419999999987,4895.900000000012,345486.1699999999,4308.857999999996,439.8999999999942,10669.0,5,2020,35.7,27,932.0,-0.33461695036056527,-0.3613361609776549,0.3136009341322053,-0.6375064934917015,-0.26610131551930044
2021-05-28,1398.164000000002,4061.750000000012,345656.9899999997,4504.435999999998,415.6499999999887,11616.0,5,2020,34.2,28,1020.0,-0.20831987559337006,-0.2003804891391056,-0.5549589552620238,-0.6588028164857149,1.1646858517691165
2021-05-29,2049.8080000000023,5140.299999999996,345890.4599999999,6648.591999999997,404.30000000000655,16635.0,5,2020,54.900000000000006,29,4057.0,1.4600105954821896,1.4112882585159572,0.5365973330321142,-0.6638080030579738,66.97191587194649
2021-05-30,1665.7000000000005,4422.300000000004,346272.50000000023,5393.299999999987,3013.7000000000044,9708.0,5,2020,50.7,30,2405.0,0.37731373778587557,0.3592370500110983,-0.20858836482248086,1.6142924301390558,0.2766991285031801
2021-05-31,1340.4620000000002,3646.850000000005,346593.9,4380.7380000000085,2121.9499999999844,10461.0,5,2020,39.6,31,1710.0,-0.4859269717884572,-0.5171794986927407,-0.9933010815566211,0.7416515623804436,-0.6315215272402014
2021-06-01,1777.1799999999985,3802.000000000006,353138.1299999995,5584.220000000014,3305.5999999999804,11359.0,6,2020,48.6,1,1731.0,0.4765354419868734,0.5940410033794542,-0.7770521779076712,1.6869756861933145,-1.0087855757055821
2021-06-02,2712.9860000000017,7415.350000000017,347172.58000000054,8710.813999999995,2236.849999999984,17857.0,6,2020,76.19999999999999,2,4324.0,3.2091003665741327,3.2235663631249274,2.8360344307232572,0.6866413832930243,7.358751445117315
2021-06-03,794.7119999999985,3488.949999999995,349965.0099999998,2526.888000000017,389.4499999999898,3970.0,6,2020,21.6,3,0.0,-1.8994380497494445,-1.8501854677853915,-1.1082071863080025,-0.8624168636242157,-2.1089111576570456
2021-06-04,1825.8520000000017,4265.35,349551.52000000014,5746.94800000001,607.8499999999876,12476.0,6,2020,40.8,4,1154.0,0.5503213262899399,0.6610358549341097,-0.4084618252099916,-0.6885209639441716,-0.4864223371693103
2021-06-05,1299.2500000000014,2967.6000000000063,339824.3200000003,4204.749999999985,328.4000000000088,10280.0,6,2020,26.4,5,0.0,-0.6385498277268681,-0.6350627905367993,-1.596982331384967,-0.8879981416375429,-0.9988505106676091
2021-06-06,1746.7920000000045,7279.649999999982,347647.12999999966,5868.207999999988,596.3500000000313,11365.0,6,2020,69.30000000000001,6,7609.0,0.6376121214566765,0.464819556391398,2.317387511989603,-0.6178248345315608,13.280004565560033
2021-06-07,1005.9340000000008,4807.300000000006,346362.7699999997,3322.2660000000174,764.4999999999782,8451.0,6,2020,29.700000000000003,7,0.0,-1.2569221514304478,-1.2896171573726487,0.09070714650105553,-0.4624661722610936,-0.8724019962860182
2021-06-08,524.7460000000012,4114.600000000007,346972.6600000003,1784.4539999999745,476.2000000000189,3947.0,6,2020,20.700000000000003,8,0.0,-2.3903572639667705,-2.4151322910422732,-0.5150267960648064,-0.6912322894878962,-0.7071067811865477
2021-06-09,1422.8759999999988,4030.100000000006,348252.12000000034,4635.124000000022,547.899999999976,10174.0,6,2020,41.400000000000006,9,3164.0,-0.24774136766856256,-0.27345146878106913,-0.5843665937626924,-0.6328636184485527,0.1749877866965789
2021-06-10,1315.4559999999992,3514.1999999999966,347437.7999999998,4178.94399999998,575.4000000000233,8055.0,6,2020,31.8,10,1016.0,-0.5972008508533473,-0.5386547642362551,-1.0337533815420354,-0.5618019611360044,-0.025924268842490467
2021-06-11,1805.4080000000013,4848.949999999999,343339.52000000054,5891.592000000018,699.0499999999811,9803.0,6,2020,49.5,11,3255.0,0.7366587062272364,0.6773667483674363,0.24067211923363024,-0.40858355627684795,1.4114585375294029
2021-06-13,1674.355999999998,6342.900000000008,347332.2099999996,5612.044000000021,2548.699999999979,9096.0,6,2020,63.3,13,4922.0,0.5142855469209647,0.35614482390417174,1.5832861812042789,1.1383932942682748,2.36173118233052
2021-06-14,1217.9839999999997,4465.999999999993,347928.24000000046,3985.8160000000103,472.1999999999971,10336.0,6,2020,33.3,14,958.0,-0.7207685840737968,-0.7437563616464521,-0.1861081870636718,-0.611689245079588,-1.3162056849363657
2021-06-15,1223.9659999999974,4477.399999999998,346900.7499999999,3993.034000000021,505.5999999999822,10144.0,6,2020,30.6,15,0.0,-0.6750608071720604,-0.686009165594279,-0.19087300456518513,-0.5876904112595356,-1.8737369998341482
2021-06-16,1768.092000000001,4576.95,346681.9900000001,5696.508,4983.449999999995,10336.0,6,2020,56.7,16,10000.0,0.6545039118747706,0.6714148280577622,-0.06437884408899244,3.087400071304048,3.7734908464356125
2021-06-17,1028.0180000000007,4206.699999999996,346215.01000000024,3365.381999999978,499.9000000000233,8510.0,6,2020,27.3,17,20000.0,-1.1025756939372782,-1.1130514234278897,-0.41272369909503526,-0.5859401554090801,3.628507184685511
2021-06-18,1332.3159999999991,4285.450000000013,346353.71,4349.883999999985,455.350000000004,11977.0,6,2020,34.2,18,145.0,-0.28895866422324806,-0.3050226775687237,-0.3611251027075435,-0.6236826169707248,-1.206986070756411
2021-06-19,1416.22,5270.200000000008,348053.2399999999,4652.17999999999,1776.4000000000017,9554.0,6,2020,46.5,19,100.0,-0.05495750529107512,-0.09343085091616177,0.5254583637482159,0.38954909741344723,-1.227304147794273
2021-06-20,1672.5499999999993,3602.0000000000105,346043.27999999985,5418.650000000003,4185.7999999999865,12337.0,6,2020,47.7,20,120.0,0.5258701124298284,0.5305119627908925,-1.0657574296275587,2.220761888760241,-0.7073722208709425
2021-06-21,1660.8900000000042,4241.999999999987,346973.75000000006,5463.709999999998,3509.400000000007,11179.0,6,2020,56.1,21,10000.0,0.5196389896196569,0.4624998126378543,-0.4771505472465072,1.5009693170550609,536.6053668097388
2021-06-22,1520.5880000000002,5235.850000000001,346586.2900000002,5077.012000000006,6198.549999999992,9230.0,6,2020,57.0,22,20000.0,0.1907474788351137,0.08986304869320526,0.44882494364243847,3.2894641034703707,3.5591225062571556
2021-06-23,1442.064,7412.050000000015,345597.9600000004,4869.736000000001,1536.149999999987,10188.0,6,2020,63.0,23,120.0,0.078297135672183,-0.057382826525796876,2.486218706196491,-0.07792019255260103,-1.2222731735778447
2021-06-24,1095.7799999999988,5769.550000000013,346765.6600000002,3619.619999999985,842.0500000000047,8090.0,6,2020,36.900000000000006,24,15660.0,-0.9163060643028723,-0.9339079730188693,0.8616638558450915,-0.5304683297619635,0.6924571809987387
2021-06-25,1099.4379999999996,5468.350000000012,346363.98999999976,3682.961999999979,649.2500000000109,10466.0,6,2020,32.7,25,10000.0,-0.8357761310143996,-0.8925152569722637,0.5941070518768716,-0.6151208403769393,-0.22574997455157117
2021-06-26,981.619999999999,7362.250000000003,347752.6000000008,3342.1800000000067,1192.9499999999916,7939.0,6,2020,41.400000000000006,26,100.0,-1.0900008499824985,-1.1725996099638867,2.2336836362359,-0.28465177335582753,-1.3226033117565346
2021-06-27,1139.9639999999995,7617.749999999998,345524.3699999999,3878.835999999997,798.4500000000062,7690.0,6,2020,48.3,27,20000.0,-0.6250650898650983,-0.7279794638372862,2.278953464564172,-0.4866063305615973,1.7748815555194806
2021-06-28,1471.3400000000006,7022.199999999981,346217.7800000002,4825.059999999974,781.4000000000451,12516.0,6,2020,42.3,28,100.0,0.11096910034379937,0.09542668146547895,1.5866858820868879,-0.5079885456007079,-1.2226882265910894
2021-06-29,1367.2960000000026,8067.900000000013,345848.9400000002,4621.304000000002,1997.4999999999852,8263.0,6,2020,53.400000000000006,29,20000.0,-0.05266405448597509,-0.16268392771274515,2.237760208828187,0.28443932695899266,1.4142135623730951
2021-06-30,1384.135999999998,5964.7,346479.7799999995,4510.863999999995,842.3000000000065,5214.0,6,2020,39.3,30,10000.0,-0.08886465794946768,-0.06942135226851345,0.5688215705176137,-0.5182161717402535,-0.3588833412052325
2021-07-01,1769.4419999999996,1725.3599999999972,352668.3300000001,5530.95800000001,276.2399999999943,12936.0,7,2020,31.5,1,1198.0,0.7495851287849804,0.9326211672943076,-2.368383108658961,-0.8567659434807288,-1.0875360447658864
2021-07-02,1625.7079999999985,2436.990000000001,349465.6399999998,5180.892000000019,3820.409999999984,5546.0,7,2020,47.400000000000006,2,2736.0,0.4354277836608741,0.5242169296379904,-1.7148947480609171,1.5595164933604313,-0.9976900323418115
2021-07-03,1372.4719999999998,2009.2199999999973,350714.5099999996,4339.528000000022,4678.779999999981,3679.0,7,2020,37.2,3,0.0,-0.2223760623992569,-0.09879848036596299,-1.8908248999228745,2.088656389356797,-1.2100230835438441
2021-07-04,1596.9819999999995,2767.8900000000035,348236.9699999997,5092.417999999972,3465.7100000000246,11362.0,7,2020,42.0,4,1077.0,0.6218747616256451,0.7357252792469178,-1.288059448733276,1.1614691335738414,-0.20925636815598253
2021-07-05,1644.0039999999988,2177.460000000002,341994.0900000003,5290.595999999974,334.94000000002416,13602.0,7,2020,31.5,5,1053.0,0.7840457858153344,0.8442249591592762,-1.6062430024520795,-0.8254662523828321,-0.19371587511808772
2021-07-06,1012.0819999999982,2761.6499999999955,348956.7099999999,3355.317999999992,449.9500000000171,6737.0,7,2020,28.200000000000003,6,1821.0,-1.2929498760325364,-1.2968436835358503,-1.17062217333542,-0.7466402880842717,2.212524138145686
2021-07-07,834.7879999999997,3143.0400000000045,346546.7299999996,2832.411999999996,710.760000000002,5762.0,7,2020,25.200000000000003,7,879.0,-1.7871045557155278,-1.829343809899035,-0.9437859343346047,-0.5916761432209383,-1.2285547105185917
2021-07-08,527.4760000000005,2520.3900000000035,347508.0700000004,1802.523999999974,549.6100000000233,3968.0,7,2020,16.200000000000003,8,0.0,-2.738473505020056,-2.6958823950752735,-1.2481861607519262,-0.693180155703583,-3.056715996114307
2021-07-09,1451.8540000000023,2519.4300000000044,347436.22999999946,4750.345999999982,949.37000000001,11829.0,7,2020,34.8,9,1929.0,0.3706848329930331,0.3612497384783182,-1.175374459697124,-0.44371772129069625,1.3838672647678611
2021-07-10,1809.9540000000004,2701.4400000000046,347911.53999999946,5804.246000000019,525.3599999999751,12666.0,7,2020,39.0,10,2159.0,1.4415932693630193,1.5029428582094722,-1.0197308617095757,-0.7153638640499788,1.5509642830931982
2021-07-11,1673.816000000001,2624.6400000000017,343348.54000000004,5477.183999999999,598.359999999997,6943.0,7,2020,34.2,11,1026.0,1.0154566690077358,0.9680617672508213,-1.021922395126659,-0.670017469136045,-0.347754785681949
2021-07-13,1382.114000000001,4315.83,346312.50000000006,4724.085999999992,2804.9700000000066,7894.0,7,2020,46.5,13,2273.0,0.1848551090975455,-0.01676034282964147,-0.07513058016275087,0.6795099741849965,1.162260428545776
2021-07-14,1409.4720000000025,3727.199999999997,346092.3599999998,4725.727999999996,573.6000000000058,7575.0,7,2020,34.5,14,1064.0,0.23405686633910106,0.11963533522133744,-0.38531674181042513,-0.7283724166504817,-1.341863823731885
2021-07-15,1633.161999999997,2884.860000000006,345892.3499999998,5256.037999999993,2154.940000000004,8203.0,7,2020,39.0,15,1071.0,0.8465789067924171,0.9026452531129274,-0.8090517113294805,0.27776444837201975,-0.661955174590033
2021-07-16,820.0560000000002,2950.920000000008,347262.26,2761.344000000003,567.6799999999885,3854.0,7,2020,21.3,16,0.0,-1.8927141265222136,-1.859145251155278,-0.7358118498231525,-0.729299980936098,-2.5855556043398504
2021-07-17,806.3519999999995,2720.250000000004,347305.2599999999,2684.447999999969,588.950000000028,6094.0,7,2020,20.4,17,0.0,-1.8357922867184042,-1.7698516793609842,-0.8271424995750383,-0.7181894412926406,-1.4141907591585798
2021-07-18,812.0380000000005,2548.949999999997,347688.28999999986,2669.361999999982,469.6500000000197,3943.0,7,2020,19.5,18,0.0,-1.7065001515918712,-1.6184704490587003,-0.8774752004845591,-0.7486724626836544,-0.7071067811865821
2021-07-19,801.1580000000001,2887.470000000001,348263.35999999964,2647.6419999999835,563.7300000000159,6105.0,7,2020,20.700000000000003,19,0.0,-1.6541207667966646,-1.585420865811658,-0.6580167968679793,-0.685936674774768,
2021-07-20,855.8240000000012,3276.9000000000046,347974.54,2842.7759999999844,515.50000000001,5178.0,7,2020,22.5,20,9.0,-1.3514854704390857,-1.3144698685793903,-0.42395942024609645,-0.7211772964201991,inf
2021-07-21,1064.1659999999986,3663.69,348077.96000000014,3550.8339999999816,591.3100000000213,6178.0,7,2020,32.7,21,2030.0,-0.6204658270205197,-0.6380956852915669,-0.18604087692257928,-0.6386023016347412,477.76848216664024
2021-07-22,1164.4459999999974,4669.260000000012,347313.2899999999,3877.154000000004,2189.1399999999867,5604.0,7,2020,35.7,22,0.0,-0.2724644132305593,-0.30057652118347716,0.3447295579430147,0.5039765014801966,-0.7118143926431567
2021-07-23,1176.1580000000029,4279.200000000008,345431.4,3897.441999999959,2150.20000000003,8295.0,7,2020,37.2,23,897.0,-0.2101952940373475,-0.22394957140849725,0.130648655848931,0.5229117195054118,0.22761303776524683
2021-07-24,921.6680000000022,4287.810000000012,346027.4900000006,3090.331999999986,2100.1900000000005,3892.0,7,2020,31.200000000000003,24,0.0,-0.9456057881198048,-0.9481343650725073,0.15304632606961582,0.7394121617106383,-1.1746404927657108
2021-07-25,1130.41,3872.4899999999984,346002.4499999999,3720.389999999992,3776.71000000001,7549.0,7,2020,37.5,25,0.0,-0.28678865766074224,-0.27440691124722255,-0.013121278815120622,2.202331922896556,-0.707106781186597
2021-07-26,884.1500000000004,2667.900000000004,346950.1900000002,2943.8499999999717,2204.100000000022,4147.0,7,2020,26.1,26,0.0,-1.0291049513388855,-1.004905303273115,-0.6699536669310427,0.6738461462565317,-0.707106781186597
2021-07-27,952.3599999999982,2620.949999999998,345067.3399999998,3118.439999999965,501.2500000000373,4042.0,7,2020,24.3,27,907.0,-0.8267540411585146,-0.7714412730379782,-0.6489463826443098,-0.7763036772227819,inf
2021-07-28,862.6540000000001,2742.9900000000034,346041.0099999998,2857.5459999999384,535.8100000000577,7232.0,7,2020,23.4,28,801.0,-1.0588973273640954,-1.0275183909685377,-0.5250335730741963,-0.7221085256721842,1.1662974031479025
2021-07-29,549.1039999999995,2658.990000000003,346153.7299999998,1884.0959999999743,507.8100000000222,4158.0,7,2020,16.799999999999997,29,0.0,-1.9007485906460833,-1.8805763667264574,-0.5368554050698817,-0.7346562223415027,-1.406113311932897
2021-07-30,551.2600000000012,2592.8100000000027,345670.6800000002,1889.739999999963,566.1900000000323,4087.0,7,2020,16.799999999999997,30,0.0,-1.7285163403039452,-1.7102974098021504,-0.5434526632470247,-0.6765184132841968,-1.406113311932897
